,poi_name,poi_porb
0,王府井书店,0.9945834432711952
1,北京图书大厦,0.963627222331546
2,中关村图书大厦,0.95851974426328
