,poi_name,poi_porb
0,水立方,0.6511243752579694
1,五棵松,0.4917403107064318
2,首都剧场,0.3895459111783523
3,东单体育中心,0.8943311661657306
