,poi_name,poi_porb
0,北京动物园,1.0
1,北京海洋馆,0.9999999999999998
2,北京欢乐谷,0.8236144560163627
3,世界公园,0.8237930179394509
4,北京石景山游乐园,0.5049164287288703
5,洼里乡居楼,0.6062092236392366
6,南海子麋鹿苑,0.5907240789439825
7,中国木偶剧院,0.7627762669338042
