,poi_name,poi_porb
0,红砖美术馆,0.794571163347511
1,北京园博园,1.0
2,北京国际鲜花港,0.562026796514655
3,汉石桥湿地自然保护区,0.6918386830931358
