,poi_name,poi_porb
0,北京植物园,0.9896183538301958
1,樱桃沟,1.0
2,植物园温室,0.9192753914144796
3,世界花卉大观园,0.7208117048013405
4,七彩蝶园,0.5528291172060444
