,poi_name,poi_porb
0,奥林匹克森林公园,0.9626856985993004
1,南海子公园,0.6166665508690837
2,国家奥林匹克中心,0.9614836650540111
3,大运河森林公园,0.6431889655716032
4,海淀公园,0.6137682405090545
