,poi_name,poi_porb
0,故宫,0.9999999991504248
1,神武门,0.5825957298579082
2,延禧宫,0.5373550596367751
3,乾清门,0.5497363802545269
