,poi_name,poi_porb
0,中国国家博物馆,0.9999999986723546
1,中国紫檀博物馆,0.4975071499230153
