,poi_name,poi_porb
0,国家大剧院,1.0
1,国家图书馆,0.42583475578086455
2,中国美术馆,0.4150227184194015
3,德云社天桥剧场,0.7628717651843808
4,金面王朝,0.8843695154058193
