,poi_name,poi_porb
0,雁栖湖游乐园,0.6452953656453753
1,青龙峡,0.999999459657884
2,温都水城,0.44502341244915694
