,poi_name,poi_porb
0,房山十渡风景名胜区,0.9999999963083771
1,十渡拒马乐园,0.8644458707554967
2,东湖港,0.7280203366670823
3,石花洞,0.4748114919300032
4,山吧,0.589329713964077
5,雾灵山庄,0.5428094145517485
6,韩村河村,0.5996992233420019
