,poi_name,poi_porb
0,菖蒲河公园,0.3838469798757016
1,王府井步行街,1.0
2,国贸商城,0.4237388915734312
3,王府井百货(王府井大街店),1.0
4,新光天地,0.446352324468716
5,西单翅酷(西单店),0.5310242479098567
6,北京市百货大楼,0.8676619380498087
7,西直门天主堂,0.4769453192317314
8,长安大戏院,0.5906394655471474
9,东单体育中心,0.3771509932438311
10,宣武教堂,0.7424089682647865
11,弹丸滋地(南锣鼓巷店),0.9190404103709054
12,工美大厦(王府井店),0.6057008366754022
13,肯德基(王府井百货店),0.782066346026212
