,poi_name,poi_porb
0,房山十渡风景名胜区,0.9999999949068352
1,十渡拒马乐园,0.8343597887676929
2,东湖港,0.8602120424833336
3,山吧,0.4146463644311034
4,雾灵山庄,0.4677226228589811
5,康西草原,0.3302299506371432
