,poi_name,poi_porb
0,朝阳公园,0.5079873314222765
1,陶然亭公园,0.6072485864509839
2,青年湖公园,0.6486377624625017
3,北京摄影器材城,0.5725855146986241
