,poi_name,poi_porb
0,圆明园,0.999999999999939
1,宋庆龄同志故居,0.5167220465250705
2,北京大观园,0.8515867093186967
3,中华民族园,0.6770949308662668
