,poi_name,poi_porb
0,鲜鱼口老字号美食街,0.8192279709269711
1,王府井小吃街,0.99998463264078
2,九门小吃,0.9394115746968478
3,护国寺,0.5598656564970915
